{
  "id": "apsj-styles",
  "title": "APSJ Styles",
  "description": "APSJ‑specific classes and styles extracted from Monks Enhanced Journal.",
  "version": "0.2.0",
  "esmodules": ["scripts/insertStyles.js"],
  "styles": ["styles/apsj.css"],
  "templates": [
    "templates/block.html",
    "templates/card.html",
    "templates/dialog.html",
    "templates/encounter.html",
    "templates/panel.html",
    "templates/read-aloud.html",
    "templates/readAloud.html",
    "templates/scroll.html"
  ],
  "compatibility": {
    "minimum": "12",
    "verified": "13"
  },
  "authors": [
    { "name": "Michael J. Coyne", "email": "turthalion@gmail.com" }
  ],
  "languages": [
    {
      "lang": "en",
      "name": "English",
      "path": "lang/en.json"
    }
  ],
  "url": "https://filedn.eu/ll0ok7wvVCBXqoCCUxvRpum/apsj-styles",
  "manifest": "https://filedn.eu/ll0ok7wvVCBXqoCCUxvRpum/apsj-styles/module.json",
  "download": "https://filedn.eu/ll0ok7wvVCBXqoCCUxvRpum/apsj-styles/apsj-styles.zip",
  "readme": "https://filedn.eu/ll0ok7wvVCBXqoCCUxvRpum/apsj-styles/README.md",
  "license": "MIT"
}
